3,Luis,Dirección 3,456789123,luis@example.com
3,Luis,Dirección 3,456789123,luis@example.com
3,Luis,Dirección 3,456789123,luis@example.com
3,Luis,Dirección 3,456789123,luis@example.com
3,Luis,Dirección 3,456789123,luis@example.com
3,Luis,Dirección 3,456789123,luis@example.com
3,Luis,Dirección 3,456789123,luis@example.com
3,Luis,Dirección 3,456789123,luis@example.com
3,Luis,Dirección 3,456789123,luis@example.com
3,pastel,Dirección 3,456789123,luis@example.com
3,Luis,Dirección 3,456789123,luis@example.com
3,Luis,Dirección 3,456789123,luis@example.com
3,Luis,Dirección 3,456789123,luis@example.com
3,Luis,Dirección 3,456789123,luis@example.com
3,Luis,Dirección 3,456789123,luis@example.com
3,Luis,Dirección 3,456789123,luis@example.com
3,Luis,Dirección 3,456789123,luis@example.com
3,Luis,Dirección 3,456789123,luis@example.com
3,Luis,Dirección 3,456789123,luis@example.com
3,Luis,Dirección 3,456789123,luis@example.com
3,Luis,Dirección 3,456789123,luis@example.com
3,Luis,Dirección 3,456789123,luis@example.com
3,Luis,Dirección 3,456789123,luis@example.com
3,Luis,Dirección 3,456789123,luis@example.com
3,Luis,Dirección 3,456789123,luis@example.com
3,Luis,Dirección 3,456789123,luis@example.com
3,Luis,Dirección 3,456789123,luis@example.com
3,Luis,Dirección 3,456789123,luis@example.com
3,Luis,Dirección 3,456789123,luis@example.com
3,Luis,Dirección 3,456789123,luis@example.com
3,Luis,Dirección 3,456789123,luis@example.com
3,Luis,Dirección 3,456789123,luis@example.com
3,Luis,Dirección 3,456789123,luis@example.com
3,Luis,Dirección 3,456789123,luis@example.com
3,Luis,Dirección 3,456789123,luis@example.com
3,Luis,Dirección 3,456789123,luis@example.com
3,Luis,Dirección 3,456789123,luis@example.com
3,Luis,Dirección 3,456789123,luis@example.com
3,Luis,Dirección 3,456789123,luis@example.com
3,Luis,Dirección 3,456789123,luis@example.com
3,Luis,Dirección 3,456789123,luis@example.com
3,Luis,Dirección 3,456789123,luis@example.com
3,Luis,Dirección 3,456789123,luis@example.com
3,Luis,Dirección 3,456789123,luis@example.com
3,Luis,Dirección 3,456789123,luis@example.com
3,Luis,Dirección 3,456789123,luis@example.com
3,Luis,Dirección 3,456789123,luis@example.com
3,Luis,Dirección 3,456789123,luis@example.com
3,Luis,Dirección 3,456789123,luis@example.com
3,Luis,Dirección 3,456789123,luis@example.com
3,Luis,Dirección 3,456789123,luis@example.com
3,Luis,Dirección 3,456789123,luis@example.com
3,Luis,Dirección 3,456789123,luis@example.com
3,Luis,Dirección 3,456789123,luis@example.com
